{"cameraMode":{"drawMode":0,"name":"Shaded","section":"Shading Mode"},"sceneLighting":true,"audioPlay":false,"sceneViewState":{"showFog":true,"showMaterialUpdate":false,"showSkybox":true,"showFlares":true,"showImageEffects":true,"showParticleSystems":true},"in2DMode":false,"pivot":{"x":87.79532623291016,"y":-779.024169921875,"z":-112.90779113769531},"rotation":{"x":-0.1979752480983734,"y":0.795326828956604,"z":-0.34321653842926028,"w":-0.4587629735469818},"size":0.585659384727478,"orthographic":true}