{"cameraMode":{"drawMode":0,"name":"Shaded","section":"Shading Mode"},"sceneLighting":true,"audioPlay":false,"sceneViewState":{"showFog":true,"showMaterialUpdate":false,"showSkybox":true,"showFlares":true,"showImageEffects":true,"showParticleSystems":true},"in2DMode":false,"pivot":{"x":14.206682205200196,"y":-4.623061180114746,"z":9.51035213470459},"rotation":{"x":0.18119697272777558,"y":0.3285564184188843,"z":-0.06438123434782028,"w":0.9247018694877625},"size":43.89475631713867,"orthographic":false}