{"cameraMode":{"drawMode":0,"name":"Shaded","section":"Shading Mode"},"sceneLighting":true,"audioPlay":false,"sceneViewState":{"showFog":true,"showMaterialUpdate":false,"showSkybox":true,"showFlares":true,"showImageEffects":true,"showParticleSystems":true},"in2DMode":false,"pivot":{"x":-227.070556640625,"y":20.708648681640626,"z":-452.816650390625},"rotation":{"x":0.0783391073346138,"y":0.7171652317047119,"z":-0.08024218678474426,"w":0.6878214478492737},"size":311.0856628417969,"orthographic":true}